id;code;name;valeur;transform
1;Harbor Montana;Corporate Phased relationships;white Brand Money Market Account;TACHEIT
2;Refined Squares;maroon;EXE projection Fresh;KASR
3;withdrawal;copying;ability Hat Iraq;KABD
4;User-centric Gloves;Mauritania;facilitate Tasty Concrete Chips Exclusive;AKLE
5;mission-critical;Berkshire Small Plastic Pants Investor;Canadian Dollar;SALAM
6;Credit Card Account;navigate;Re-contextualized;TAY
7;bypassing optical;installation;Argentine Peso;WAKF
8;open-source turn-key;Sausages;disintermediate Cambridgeshire hacking;KACHF
9;Fiji Dollar Profound Bacon;Macao Equatorial Guinea Vision-oriented;Agent;IDENTITE
10;even-keeled Saint Helena Pound;Internal AI optical;bypassing Marketing;KHAZL
